message,attributes,tags,timestamp
"[32minfo[39m: üîÑ ÿ¨ÿßÿ±Ÿä ŸÖÿ≤ÿßŸÖŸÜÿ© Pieces ŸÖŸÜ Activepieces... {""timestamp"":""2026-02-22T11:55:50.513Z""}","{""level"":""info""}","{""project"":""68e263d9-cd0d-4590-9e82-9c7dd198ad7b"",""environment"":""fd402da8-f8b3-4eea-b15b-b412bafcdd3e"",""service"":""4b69589c-8c17-490e-88b1-f202010b56c1"",""deployment"":""57d3785c-ed56-412c-b796-cfe28095522e"",""replica"":""53384058-272e-482a-8084-c24b79080d6c""}",2026-02-22T11:55:51.099295096Z
Signing in to Activepieces...,"{""level"":""info""}","{""project"":""68e263d9-cd0d-4590-9e82-9c7dd198ad7b"",""environment"":""fd402da8-f8b3-4eea-b15b-b412bafcdd3e"",""service"":""4b69589c-8c17-490e-88b1-f202010b56c1"",""deployment"":""57d3785c-ed56-412c-b796-cfe28095522e"",""replica"":""53384058-272e-482a-8084-c24b79080d6c""}",2026-02-22T11:55:51.099302404Z
"Signed in successfully, token cached","{""level"":""info""}","{""project"":""68e263d9-cd0d-4590-9e82-9c7dd198ad7b"",""environment"":""fd402da8-f8b3-4eea-b15b-b412bafcdd3e"",""service"":""4b69589c-8c17-490e-88b1-f202010b56c1"",""deployment"":""57d3785c-ed56-412c-b796-cfe28095522e"",""replica"":""53384058-272e-482a-8084-c24b79080d6c""}",2026-02-22T11:55:51.099309124Z
Starting Container,"{""level"":""info""}","{""project"":""68e263d9-cd0d-4590-9e82-9c7dd198ad7b"",""environment"":""fd402da8-f8b3-4eea-b15b-b412bafcdd3e"",""service"":""4b69589c-8c17-490e-88b1-f202010b56c1"",""deployment"":""57d3785c-ed56-412c-b796-cfe28095522e"",""replica"":""53384058-272e-482a-8084-c24b79080d6c""}",2026-02-22T11:55:51.137293168Z
"[32minfo[39m: ‚úÖ ÿ™ŸÖ ÿ™ÿ≠ŸÖŸäŸÑ 624 piece {""timestamp"":""2026-02-22T11:55:52.240Z""}","{""level"":""info""}","{""project"":""68e263d9-cd0d-4590-9e82-9c7dd198ad7b"",""environment"":""fd402da8-f8b3-4eea-b15b-b412bafcdd3e"",""service"":""4b69589c-8c17-490e-88b1-f202010b56c1"",""deployment"":""57d3785c-ed56-412c-b796-cfe28095522e"",""replica"":""53384058-272e-482a-8084-c24b79080d6c""}",2026-02-22T11:55:52.244395059Z
"[32minfo[39m: üöÄ Backend running on port 8080 {""timestamp"":""2026-02-22T11:55:52.243Z""}","{""level"":""info""}","{""project"":""68e263d9-cd0d-4590-9e82-9c7dd198ad7b"",""environment"":""fd402da8-f8b3-4eea-b15b-b412bafcdd3e"",""service"":""4b69589c-8c17-490e-88b1-f202010b56c1"",""deployment"":""57d3785c-ed56-412c-b796-cfe28095522e"",""replica"":""53384058-272e-482a-8084-c24b79080d6c""}",2026-02-22T11:55:52.246297430Z
"[32minfo[39m: üì° Activepieces: https://hearty-cat-production.up.railway.app {""timestamp"":""2026-02-22T11:55:52.243Z""}","{""level"":""info""}","{""project"":""68e263d9-cd0d-4590-9e82-9c7dd198ad7b"",""environment"":""fd402da8-f8b3-4eea-b15b-b412bafcdd3e"",""service"":""4b69589c-8c17-490e-88b1-f202010b56c1"",""deployment"":""57d3785c-ed56-412c-b796-cfe28095522e"",""replica"":""53384058-272e-482a-8084-c24b79080d6c""}",2026-02-22T11:55:52.246305507Z
"[32minfo[39m: ü§ñ AI: Groq ‚Äî llama-3.3-70b-versatile {""timestamp"":""2026-02-22T11:55:52.244Z""}","{""level"":""info""}","{""project"":""68e263d9-cd0d-4590-9e82-9c7dd198ad7b"",""environment"":""fd402da8-f8b3-4eea-b15b-b412bafcdd3e"",""service"":""4b69589c-8c17-490e-88b1-f202010b56c1"",""deployment"":""57d3785c-ed56-412c-b796-cfe28095522e"",""replica"":""53384058-272e-482a-8084-c24b79080d6c""}",2026-02-22T11:55:52.246310596Z
"[32minfo[39m: GET / {""ip"":""104.156.91.23"",""timestamp"":""2026-02-22T12:06:51.567Z"",""userAgent"":""Mozilla/5.0 (Macintosh; Intel Mac OS X 10_15_7) AppleWebKit/537.36 (KHTML, like Gecko) Chrome/144.0.0.0 Safari/537.36""}","{""level"":""info""}","{""project"":""68e263d9-cd0d-4590-9e82-9c7dd198ad7b"",""environment"":""fd402da8-f8b3-4eea-b15b-b412bafcdd3e"",""service"":""4b69589c-8c17-490e-88b1-f202010b56c1"",""deployment"":""57d3785c-ed56-412c-b796-cfe28095522e"",""replica"":""53384058-272e-482a-8084-c24b79080d6c""}",2026-02-22T12:06:53.085530482Z
"[32minfo[39m: POST /api/chat/generate {""ip"":""104.156.91.23"",""timestamp"":""2026-02-22T12:06:54.672Z"",""userAgent"":""Mozilla/5.0 (Macintosh; Intel Mac OS X 10_15_7) AppleWebKit/537.36 (KHTML, like Gecko) Chrome/144.0.0.0 Safari/537.36""}","{""level"":""info""}","{""project"":""68e263d9-cd0d-4590-9e82-9c7dd198ad7b"",""environment"":""fd402da8-f8b3-4eea-b15b-b412bafcdd3e"",""service"":""4b69589c-8c17-490e-88b1-f202010b56c1"",""deployment"":""57d3785c-ed56-412c-b796-cfe28095522e"",""replica"":""53384058-272e-482a-8084-c24b79080d6c""}",2026-02-22T12:06:54.953826283Z
"[32minfo[39m: ü§ñ Generating flow... ŸÑŸÖÿß Ÿäÿ¨Ÿä ÿ•ŸäŸÖŸäŸÑ ŸÅŸäŸá ""ÿ≠ÿ¨ÿ≤"" ÿ£ÿ∂ŸÅŸá ŸÇŸàŸÇŸÑ ÿ¥Ÿäÿ™ Ÿàÿ£ÿ±ÿ≥ŸÑ ÿ™ÿ£ŸÉŸäÿØ {""sessionId"":""76928416-6b21-4565-b5d5-6eedaeb358ce"",""timestamp"":""2026-02-22T12:06:54.673Z""}","{""level"":""info""}","{""project"":""68e263d9-cd0d-4590-9e82-9c7dd198ad7b"",""environment"":""fd402da8-f8b3-4eea-b15b-b412bafcdd3e"",""service"":""4b69589c-8c17-490e-88b1-f202010b56c1"",""deployment"":""57d3785c-ed56-412c-b796-cfe28095522e"",""replica"":""53384058-272e-482a-8084-c24b79080d6c""}",2026-02-22T12:06:54.953831386Z
"[32minfo[39m: POST /api/connections/check {""ip"":""104.156.91.23"",""timestamp"":""2026-02-22T12:06:56.865Z"",""userAgent"":""Mozilla/5.0 (Macintosh; Intel Mac OS X 10_15_7) AppleWebKit/537.36 (KHTML, like Gecko) Chrome/144.0.0.0 Safari/537.36""}","{""level"":""info""}","{""project"":""68e263d9-cd0d-4590-9e82-9c7dd198ad7b"",""environment"":""fd402da8-f8b3-4eea-b15b-b412bafcdd3e"",""service"":""4b69589c-8c17-490e-88b1-f202010b56c1"",""deployment"":""57d3785c-ed56-412c-b796-cfe28095522e"",""replica"":""53384058-272e-482a-8084-c24b79080d6c""}",2026-02-22T12:06:56.924452731Z
"[32minfo[39m: POST /api/chat/deploy {""ip"":""104.156.91.23"",""timestamp"":""2026-02-22T12:06:58.561Z"",""userAgent"":""Mozilla/5.0 (Macintosh; Intel Mac OS X 10_15_7) AppleWebKit/537.36 (KHTML, like Gecko) Chrome/144.0.0.0 Safari/537.36""}","{""level"":""info""}","{""project"":""68e263d9-cd0d-4590-9e82-9c7dd198ad7b"",""environment"":""fd402da8-f8b3-4eea-b15b-b412bafcdd3e"",""service"":""4b69589c-8c17-490e-88b1-f202010b56c1"",""deployment"":""57d3785c-ed56-412c-b796-cfe28095522e"",""replica"":""53384058-272e-482a-8084-c24b79080d6c""}",2026-02-22T12:06:59.100541165Z
"[32minfo[39m: üöÄ Deploying flow... {""autoPublish"":true,""name"":""ÿ•ÿ∂ÿßŸÅÿ© ÿ≠ÿ¨ÿ≤ ÿ•ŸÑŸâ ŸÇŸàŸÇŸÑ ÿ¥Ÿäÿ™ Ÿàÿ™ÿ£ŸÉŸäÿØ"",""timestamp"":""2026-02-22T12:06:58.562Z""}","{""level"":""info""}","{""project"":""68e263d9-cd0d-4590-9e82-9c7dd198ad7b"",""environment"":""fd402da8-f8b3-4eea-b15b-b412bafcdd3e"",""service"":""4b69589c-8c17-490e-88b1-f202010b56c1"",""deployment"":""57d3785c-ed56-412c-b796-cfe28095522e"",""replica"":""53384058-272e-482a-8084-c24b79080d6c""}",2026-02-22T12:06:59.100547664Z
"[31merror[39m: Deploy error: Activepieces API Error: 400 {""apiResponse"":""{\""statusCode\"":400,\""code\"":\""FST_ERR_VALIDATION\"",\""error\"":\""Bad Request\"",\""message\"":\""body/type must be equal to constant, body/type must be equal to constant, body/type must be equal to constant, body/type must be equal to constant, body/type must be equal to constant, body/type must be equal to constant, body/type must be equal to constant, body/type must be equal to constant, body/type must be equal to constant, body/type must be equal to constant, body/request/type must be equal to constant, body/request/settings must have required property 'propertySettings', body/request must match a schema in anyOf, body/type must be equal to constant, body/type must be equal to constant, body/type must be equal to constant, body/type must be equal to constant, body/type must be equal to constant, body/type must be equal to constant, body/type must be equal to constant, body/type must be equal to constant, body/type must be equal to constant, body/type must be equal to constant, body/type must be equal to constant, body/type must be equal to constant, body/type must be equal to constant, body/type must be equal to constant, body must match a schema in anyOf\""}"",""name"":""FlowBuilderError"",""path"":""/api/v1/flows/VROD30MlzczM3zBRzCMwE"",""stack"":""FlowBuilderError: Activepieces API Error: 400\n    at FlowBuilder.api (/app/services/flow-builder.js:367:13)\n    at process.processTicksAndRejections (node:internal/process/task_queues:95:5)\n    at async FlowBuilder.buildFlow (/app/services/flow-builder.js:36:7)\n    at async /app/routes/chat.js:149:20"",""statusCode"":400,""timestamp"":""2026-02-22T12:06:59.285Z""}","{""level"":""info""}","{""project"":""68e263d9-cd0d-4590-9e82-9c7dd198ad7b"",""environment"":""fd402da8-f8b3-4eea-b15b-b412bafcdd3e"",""service"":""4b69589c-8c17-490e-88b1-f202010b56c1"",""deployment"":""57d3785c-ed56-412c-b796-cfe28095522e"",""replica"":""53384058-272e-482a-8084-c24b79080d6c""}",2026-02-22T12:06:59.288300483Z
"[32minfo[39m: POST /api/chat/deploy {""ip"":""104.156.91.23"",""timestamp"":""2026-02-22T12:06:59.802Z"",""userAgent"":""Mozilla/5.0 (Macintosh; Intel Mac OS X 10_15_7) AppleWebKit/537.36 (KHTML, like Gecko) Chrome/144.0.0.0 Safari/537.36""}","{""level"":""info""}","{""project"":""68e263d9-cd0d-4590-9e82-9c7dd198ad7b"",""environment"":""fd402da8-f8b3-4eea-b15b-b412bafcdd3e"",""service"":""4b69589c-8c17-490e-88b1-f202010b56c1"",""deployment"":""57d3785c-ed56-412c-b796-cfe28095522e"",""replica"":""53384058-272e-482a-8084-c24b79080d6c""}",2026-02-22T12:07:00.144322507Z
"[32minfo[39m: üöÄ Deploying flow... {""autoPublish"":false,""name"":""ÿ•ÿ∂ÿßŸÅÿ© ÿ≠ÿ¨ÿ≤ ÿ•ŸÑŸâ ŸÇŸàŸÇŸÑ ÿ¥Ÿäÿ™ Ÿàÿ™ÿ£ŸÉŸäÿØ"",""timestamp"":""2026-02-22T12:06:59.803Z""}","{""level"":""info""}","{""project"":""68e263d9-cd0d-4590-9e82-9c7dd198ad7b"",""environment"":""fd402da8-f8b3-4eea-b15b-b412bafcdd3e"",""service"":""4b69589c-8c17-490e-88b1-f202010b56c1"",""deployment"":""57d3785c-ed56-412c-b796-cfe28095522e"",""replica"":""53384058-272e-482a-8084-c24b79080d6c""}",2026-02-22T12:07:00.144328517Z
"[31merror[39m: Deploy error: Activepieces API Error: 400 {""apiResponse"":""{\""statusCode\"":400,\""code\"":\""FST_ERR_VALIDATION\"",\""error\"":\""Bad Request\"",\""message\"":\""body/type must be equal to constant, body/type must be equal to constant, body/type must be equal to constant, body/type must be equal to constant, body/type must be equal to constant, body/type must be equal to constant, body/type must be equal to constant, body/type must be equal to constant, body/type must be equal to constant, body/type must be equal to constant, body/request/type must be equal to constant, body/request/settings must have required property 'propertySettings', body/request must match a schema in anyOf, body/type must be equal to constant, body/type must be equal to constant, body/type must be equal to constant, body/type must be equal to constant, body/type must be equal to constant, body/type must be equal to constant, body/type must be equal to constant, body/type must be equal to constant, body/type must be equal to constant, body/type must be equal to constant, body/type must be equal to constant, body/type must be equal to constant, body/type must be equal to constant, body/type must be equal to constant, body must match a schema in anyOf\""}"",""name"":""FlowBuilderError"",""path"":""/api/v1/flows/B7xGSVoezsHCqEa0eKnRs"",""stack"":""FlowBuilderError: Activepieces API Error: 400\n    at FlowBuilder.api (/app/services/flow-builder.js:367:13)\n    at process.processTicksAndRejections (node:internal/process/task_queues:95:5)\n    at async FlowBuilder.buildFlow (/app/services/flow-builder.js:36:7)\n    at async /app/routes/chat.js:149:20"",""statusCode"":400,""timestamp"":""2026-02-22T12:07:00.379Z""}","{""level"":""info""}","{""project"":""68e263d9-cd0d-4590-9e82-9c7dd198ad7b"",""environment"":""fd402da8-f8b3-4eea-b15b-b412bafcdd3e"",""service"":""4b69589c-8c17-490e-88b1-f202010b56c1"",""deployment"":""57d3785c-ed56-412c-b796-cfe28095522e"",""replica"":""53384058-272e-482a-8084-c24b79080d6c""}",2026-02-22T12:07:00.382920745Z